{"cameraMode":{"drawMode":0,"name":"Shaded","section":"Shading Mode"},"sceneLighting":false,"audioPlay":false,"sceneViewState":{"showFog":true,"showMaterialUpdate":false,"showSkybox":true,"showFlares":true,"showImageEffects":true,"showParticleSystems":true,"showVisualEffectGraphs":true,"m_FxEnabled":false},"in2DMode":false,"pivot":{"x":-0.1780596822500229,"y":1.9491914510726929,"z":4.155679702758789},"rotation":{"x":-0.011036459356546402,"y":-0.48398807644844057,"z":0.006079681217670441,"w":-0.8750107288360596},"size":0.12494111061096192,"orthographic":false}